TV,Radio,Newspaper,Sales,TV_Radio,TV_Newspaper,Radio_Newspaper,Total_Budget,TV_Ratio,Radio_Ratio,Newspaper_Ratio,Mass_Reach,Log_TV,Log_Radio,Log_Newspaper,TV_sq,Radio_sq
230.1,37.8,69.2,22.1,8697.779999999999,15922.92,2615.7599999999998,337.09999999999997,0.6825867695045981,0.11213289824977751,0.20528033224562448,267.9,5.442850517280335,3.6584202466292277,4.251348311031766,52946.009999999995,1428.8399999999997
44.5,39.3,45.1,10.4,1748.85,2006.95,1772.4299999999998,128.9,0.3452288595810706,0.30488750969743983,0.34988363072148954,83.8,3.817712325956905,3.696351468952637,3.8308129500026027,1980.25,1544.4899999999998
17.2,45.9,69.3,12.0,789.4799999999999,1191.9599999999998,3180.87,132.39999999999998,0.12990936555891242,0.3466767371601209,0.5234138972809669,63.099999999999994,2.9014215940827497,3.8480176754522337,4.252771798816619,295.84,2106.81
151.5,41.3,58.5,16.5,6256.95,8862.75,2416.0499999999997,251.3,0.6028651014723437,0.16434540389972144,0.23278949462793472,192.8,5.0271645960474665,3.744787086052232,4.085976312551584,22952.25,1705.6899999999998
180.8,10.8,58.4,17.9,1952.6400000000003,10558.720000000001,630.72,250.00000000000003,0.7232,0.043199999999999995,0.23359999999999997,191.60000000000002,5.202907181743378,2.468099531471619,4.084294226368599,32688.640000000003,116.64000000000001
8.7,48.9,75.0,7.2,425.42999999999995,652.5,3667.5,132.6,0.06561085972850679,0.36877828054298645,0.5656108597285068,57.599999999999994,2.272125885509337,3.910021002757473,4.330733340286331,75.68999999999998,2391.21
57.5,32.8,23.5,11.8,1885.9999999999998,1351.25,770.8,113.8,0.5052724077328646,0.28822495606326887,0.20650263620386644,90.3,4.069026754237811,3.520460802488973,3.1986731175506815,3306.25,1075.84
120.2,19.6,11.6,13.2,2355.92,1394.32,227.36,151.4,0.7939233817701453,0.12945838837516513,0.07661822985468957,139.8,4.797442073635214,3.0252910757955354,2.533696813957432,14448.04,384.1600000000001
8.6,2.1,1.0,4.8,18.06,8.6,2.1,11.7,0.7350427350427351,0.17948717948717952,0.08547008547008547,10.7,2.2617630984737906,1.1314021114911006,0.6931471805599453,73.96,4.41
199.8,2.6,21.2,15.6,519.48,4235.76,55.12,223.6,0.8935599284436494,0.011627906976744186,0.09481216457960644,202.4,5.302309387817574,1.2809338454620645,3.100092288878234,39920.04000000001,6.760000000000001
66.1,5.8,24.2,12.6,383.37999999999994,1599.62,140.35999999999999,96.1,0.6878251821019771,0.060353798126951096,0.2518210197710718,71.89999999999999,4.206184043977636,1.916922612182061,3.2268439945173775,4369.209999999999,33.64
214.7,24.0,4.0,17.4,5152.799999999999,858.8,96.0,242.7,0.88463123197363,0.09888751545117429,0.016481252575195716,238.7,5.373888553395111,3.2188758248682006,1.6094379124341003,46096.09,576.0
23.8,35.1,65.9,9.2,835.3800000000001,1568.42,2313.09,124.80000000000001,0.1907051282051282,0.28125,0.5280448717948718,58.900000000000006,3.2108436531709366,3.586292865338835,4.203198967134183,566.44,1232.01
97.5,7.6,7.2,13.7,741.0,702.0,54.72,112.3,0.8682101513802315,0.06767586821015138,0.0641139804096171,105.1,4.590056548178043,2.151762203259462,2.1041341542702074,9506.25,57.76
204.1,32.9,46.0,19.0,6714.889999999999,9388.6,1513.3999999999999,283.0,0.7212014134275618,0.11625441696113074,0.1625441696113074,237.0,5.323497665078335,3.5234150143864045,3.8501476017100584,41656.81,1082.4099999999999
195.4,47.7,52.9,22.4,9320.58,10336.66,2523.33,296.0,0.6601351351351351,0.16114864864864867,0.17871621621621622,243.10000000000002,5.280153395920365,3.885679030088544,3.9871304779149517,38181.16,2275.2900000000004
67.8,36.6,114.0,12.5,2481.48,7729.2,4172.400000000001,218.4,0.3104395604395604,0.1675824175824176,0.521978021978022,104.4,4.231203744939298,3.6270040503958487,4.74493212836325,4596.839999999999,1339.5600000000002
281.4,39.6,55.8,24.4,11143.439999999999,15702.119999999997,2209.68,376.8,0.7468152866242037,0.10509554140127389,0.1480891719745223,321.0,5.643324505619087,3.703768066607687,4.039536325727106,79185.95999999999,1568.16
69.2,20.5,18.3,11.3,1418.6000000000001,1266.3600000000001,375.15000000000003,108.0,0.6407407407407407,0.18981481481481483,0.16944444444444445,89.7,4.251348311031766,3.068052935133617,2.9601050959108397,4788.64,420.25
147.3,23.9,19.1,14.6,3520.4700000000003,2813.4300000000003,456.49,190.3,0.7740409879138203,0.12559117183394639,0.10036784025223332,171.20000000000002,4.999237249143887,3.214867803470662,3.0007198150650303,21697.290000000005,571.2099999999999
218.4,27.7,53.4,18.0,6049.68,11662.56,1479.1799999999998,299.5,0.7292153589315526,0.09248747913188647,0.17829716193656092,246.1,5.3908965478411295,3.3568971227655755,3.996364153861897,47698.560000000005,767.29
237.4,5.1,23.5,17.5,1210.74,5578.900000000001,119.85,266.0,0.8924812030075188,0.019172932330827067,0.08834586466165413,242.5,5.473949935191195,1.8082887711792655,3.1986731175506815,56358.76,26.009999999999998
13.2,15.9,49.6,5.6,209.88,654.72,788.64,78.7,0.16772554002541296,0.20203303684879287,0.6302414231257941,29.1,2.653241964607215,2.827313621929028,3.92395157629342,174.23999999999998,252.81
228.3,16.9,26.2,20.5,3858.27,5981.46,442.78,271.40000000000003,0.8411938098747236,0.062269712601326445,0.09653647752394988,245.20000000000002,5.435031189863858,2.884800712846709,3.3032169733019514,52120.89000000001,285.60999999999996
62.3,12.6,18.3,9.7,784.9799999999999,1140.09,230.58,93.19999999999999,0.6684549356223176,0.1351931330472103,0.19635193133047213,74.89999999999999,4.147885329150131,2.6100697927420065,2.9601050959108397,3881.2899999999995,158.76
262.9,3.5,19.5,17.0,920.1499999999999,5126.549999999999,68.25,285.9,0.9195522910108429,0.01224204267226303,0.06820566631689402,266.4,5.575570243509278,1.5040773967762742,3.0204248861443626,69116.40999999999,12.25
142.9,29.3,12.6,15.0,4186.97,1800.54,369.18,184.8,0.7732683982683982,0.15854978354978355,0.06818181818181818,172.20000000000002,4.969118613893322,3.4111477125153233,2.6100697927420065,20420.41,858.49
240.1,16.7,22.9,20.9,4009.6699999999996,5498.29,382.42999999999995,279.7,0.8584197354308187,0.05970682874508402,0.08187343582409724,256.8,5.485211785187126,2.8735646395797834,3.173878458937465,57648.009999999995,278.89
248.8,27.1,22.9,18.9,6742.4800000000005,5697.5199999999995,620.59,298.8,0.8326639892904953,0.09069611780455154,0.07663989290495314,275.90000000000003,5.520660597691477,3.3357695763397,3.173878458937465,61901.44,734.4100000000001
70.6,16.0,40.8,10.5,1129.6,2880.4799999999996,652.8,127.39999999999999,0.554160125588697,0.12558869701726846,0.3202511773940345,86.6,4.2710950739666,2.833213344056216,3.7328963395307104,4984.359999999999,256.0
292.9,28.3,43.2,21.4,8289.07,12653.28,1222.5600000000002,364.4,0.8037870472008781,0.07766190998902306,0.1185510428100988,321.2,5.6832395734248715,3.3775875160230218,3.7887247890836524,85790.40999999999,800.89
112.9,17.4,38.6,11.9,1964.46,4357.9400000000005,671.64,168.9,0.6684428656009473,0.10301953818827707,0.2285375962107756,130.3,4.735320870453137,2.91235066461494,3.6788291182604347,12746.410000000002,302.75999999999993
97.2,1.5,30.0,13.2,145.8,2916.0,45.0,128.7,0.7552447552447553,0.011655011655011656,0.23310023310023312,98.7,4.58700621536042,0.9162907318741551,3.4339872044851463,9447.84,2.25
265.6,20.0,0.3,17.4,5312.0,79.68,6.0,285.90000000000003,0.9289961525008744,0.06995452955578874,0.0010493179433368309,285.6,5.585749407744609,3.044522437723423,0.26236426446749106,70543.36000000002,400.0
95.7,1.4,7.4,11.9,133.98,708.1800000000001,10.36,104.50000000000001,0.9157894736842104,0.013397129186602868,0.07081339712918659,97.10000000000001,4.571613402459248,0.8754687373538999,2.128231705849268,9158.49,1.9599999999999997
290.7,4.1,8.5,17.8,1191.87,2470.95,34.849999999999994,303.3,0.9584569732937684,0.01351796900758325,0.0280250576986482,294.8,5.675725876873676,1.62924053973028,2.2512917986064953,84506.48999999999,16.81
266.9,43.8,5.0,25.4,11690.219999999998,1334.5,219.0,315.7,0.8454228698131137,0.1387393094710168,0.015837820715869498,310.7,5.590613776550563,3.8022081394209395,1.791759469228055,71235.60999999999,1918.4399999999998
74.7,49.4,45.7,14.7,3690.18,3413.7900000000004,2257.58,169.8,0.4399293286219081,0.2909305064782096,0.26914016489988224,124.1,4.3267781604434035,3.919991175077323,3.8437441646748516,5580.09,2440.3599999999997
43.1,26.7,35.1,10.1,1150.77,1512.8100000000002,937.17,104.9,0.41086749285033364,0.25452812202097236,0.334604385128694,69.8,3.7864597824528,3.3214324131932926,3.586292865338835,1857.6100000000001,712.89
228.0,37.7,32.0,21.5,8595.6,7296.0,1206.4,297.7,0.7658716829022506,0.12663755458515286,0.10749076251259658,265.7,5.43372200355424,3.655839600035736,3.4965075614664802,51984.0,1421.2900000000002
202.5,22.3,31.6,16.6,4515.75,6399.0,704.6800000000001,256.40000000000003,0.7897815912636504,0.08697347893915756,0.12324492979719187,224.8,5.31566600488265,3.148453360571655,3.484312288372662,41006.25,497.29
177.0,33.4,38.7,17.1,5911.8,6849.900000000001,1292.58,249.10000000000002,0.7105580088317944,0.13408269771176232,0.1553592934564432,210.4,5.181783550292085,3.5380565643793527,3.681351187693145,31329.0,1115.56
293.6,27.7,1.8,20.7,8132.72,528.48,49.86,323.1,0.9086969978334881,0.08573197152584339,0.005571030640668524,321.3,5.68561850402853,3.3568971227655755,1.0296194171811583,86200.96,767.29
206.9,8.4,26.4,17.9,1737.96,5462.16,221.76,241.70000000000002,0.8560198593297476,0.03475382705833678,0.10922631361191558,215.3,5.337057194863967,2.2407096892759584,3.3105430133940246,42807.61,70.56
25.1,25.7,43.3,8.5,645.07,1086.83,1112.81,94.1,0.26673751328374073,0.2731137088204038,0.46014877789585545,50.8,3.261935314328648,3.2846635654062037,3.7909846770510898,630.0100000000001,660.49
175.1,22.5,31.5,16.1,3939.75,5515.65,708.75,229.1,0.7642950676560454,0.09821038847664776,0.13749454386730686,197.6,5.171052015502161,3.157000421150113,3.481240089335692,30660.01,506.25
89.7,9.9,35.7,10.6,888.0300000000001,3202.2900000000004,353.43000000000006,135.3,0.6629711751662971,0.07317073170731707,0.2638580931263858,99.60000000000001,4.507557357121091,2.388762789235098,3.6027767550605247,8046.09,98.01
239.9,41.5,18.5,23.2,9955.85,4438.150000000001,767.75,299.9,0.7999333111037014,0.13837945981994,0.06168722907635879,281.4,5.484381909620826,3.7495040759303713,2.970414465569701,57552.01,1722.25
227.2,15.8,49.9,19.8,3589.7599999999998,11337.279999999999,788.42,292.9,0.7756913622396723,0.053943325367019464,0.1703653123933083,243.0,5.430222437427975,2.8213788864092133,3.929862923556477,51619.84,249.64000000000001
66.9,11.7,36.8,9.7,782.73,2461.92,430.55999999999995,115.4,0.5797227036395147,0.10138648180242633,0.3188908145580589,78.60000000000001,4.21803603456465,2.5416019934645457,3.632309102625542,4475.610000000001,136.89
199.8,3.1,34.6,16.4,619.3800000000001,6913.080000000001,107.26,237.5,0.8412631578947369,0.01305263157894737,0.1456842105263158,202.9,5.302309387817574,1.410986973710262,3.572345637857985,39920.04000000001,9.610000000000001
100.4,9.6,3.6,10.7,963.84,361.44000000000005,34.56,113.6,0.8838028169014085,0.08450704225352113,0.03169014084507042,110.0,4.619073091157083,2.3608540011180215,1.5260563034950494,10080.160000000002,92.16
216.4,41.7,39.6,22.6,9023.880000000001,8569.44,1651.3200000000002,297.70000000000005,0.7269062814914342,0.1400738998992274,0.13301981860933823,258.1,5.381738974687109,3.754198920234579,3.703768066607687,46828.96,1738.8900000000003
182.6,46.2,58.7,21.2,8436.12,10718.62,2711.9400000000005,287.5,0.6351304347826087,0.16069565217391305,0.20417391304347826,228.8,5.21275947818639,3.85439389259151,4.089332020398556,33342.759999999995,2134.44
262.7,28.8,15.9,20.2,7565.76,4176.93,457.92,307.4,0.8545868575146389,0.09368900455432662,0.05172413793103449,291.5,5.574812093359241,3.3945083935113587,2.827313621929028,69011.29,829.44
198.9,49.4,60.0,23.7,9825.66,11934.0,2964.0,308.3,0.645150827116445,0.16023353876094712,0.19461563412260785,248.3,5.297817241506355,3.919991175077323,4.110873864173311,39561.21,2440.3599999999997
7.3,28.1,41.4,5.5,205.13,302.21999999999997,1163.34,76.8,0.09505208333333333,0.3658854166666667,0.5390625,35.4,2.1162555148025524,3.370738174177447,3.747148362237912,53.29,789.6100000000001
136.2,19.2,16.6,13.2,2615.0399999999995,2260.92,318.72,171.99999999999997,0.7918604651162792,0.1116279069767442,0.09651162790697677,155.39999999999998,4.921439715291784,3.005682604407159,2.8678989020441064,18550.44,368.64
210.8,49.6,37.7,23.8,10455.68,7947.160000000001,1869.9200000000003,298.1,0.7071452532707145,0.1663871184166387,0.12646762831264677,260.40000000000003,5.355642433167306,3.92395157629342,3.655839600035736,44436.64000000001,2460.1600000000003
210.7,29.5,9.3,18.4,6215.65,1959.51,274.35,249.5,0.8444889779559118,0.11823647294589178,0.03727454909819639,240.2,5.35517017814082,3.417726683613366,2.33214389523559,44394.49,870.25
53.5,2.0,21.4,8.1,107.0,1144.8999999999999,42.8,76.9,0.6957087126137841,0.02600780234070221,0.2782834850455136,55.5,3.9982007016691985,1.0986122886681096,3.109060958860994,2862.25,4.0
261.3,42.7,54.7,24.2,11157.510000000002,14293.11,2335.69,358.7,0.7284638974073042,0.11904098132143855,0.15249512127125733,304.0,5.569488886872828,3.7773481021015445,4.019980146933238,68277.69,1823.2900000000002
239.3,15.5,27.3,20.7,3709.15,6532.89,423.15000000000003,282.1,0.8482807515065579,0.05494505494505494,0.0967741935483871,254.8,5.481888142742423,2.803360380906535,3.342861804649192,57264.490000000005,240.25
102.7,29.6,8.4,14.0,3039.92,862.6800000000001,248.64000000000001,140.70000000000002,0.7299218194740582,0.21037668798862827,0.059701492537313425,132.3,4.641502115235482,3.4210000089583352,2.2407096892759584,10547.29,876.1600000000001
131.1,42.8,28.9,16.0,5611.079999999999,3788.7899999999995,1236.9199999999998,202.79999999999998,0.6464497041420119,0.21104536489151873,0.14250493096646943,173.89999999999998,4.883559211528279,3.7796338173824005,3.3978584803966405,17187.21,1831.8399999999997
69.0,9.3,0.9,11.3,641.7,62.1,8.370000000000001,79.2,0.8712121212121212,0.11742424242424243,0.011363636363636364,78.3,4.248495242049359,2.33214389523559,0.6418538861723948,4761.0,86.49000000000001
31.5,24.6,2.2,11.0,774.9000000000001,69.30000000000001,54.120000000000005,58.300000000000004,0.5403087478559176,0.42195540308747853,0.03773584905660377,56.1,3.481240089335692,3.242592351485517,1.1631508098056809,992.25,605.1600000000001
139.3,14.5,10.2,13.4,2019.8500000000001,1420.8600000000001,147.89999999999998,164.0,0.8493902439024391,0.08841463414634146,0.062195121951219505,153.8,4.943782987108415,2.740840023925201,2.4159137783010487,19404.49,210.25
237.4,27.5,11.0,18.9,6528.5,2611.4,302.5,275.9,0.8604566872055094,0.0996737948532077,0.03986951794128308,264.9,5.473949935191195,3.349904087274605,2.4849066497880004,56358.76,756.25
216.8,43.9,27.2,22.3,9517.52,5896.96,1194.08,287.9,0.753039249739493,0.1524835012156999,0.09447724904480723,260.7,5.38357721049886,3.8044377947482086,3.339321977944068,47002.240000000005,1927.2099999999998
199.1,30.6,38.7,18.3,6092.46,7705.17,1184.2200000000003,268.4,0.7418032786885246,0.11400894187779435,0.1441877794336811,229.7,5.2988172415896875,3.4531571205928664,3.681351187693145,39640.81,936.3600000000001
109.8,14.3,31.7,12.4,1570.14,3480.66,453.31,155.79999999999998,0.7047496790757382,0.09178433889602056,0.20346598202824134,124.1,4.707726774313183,2.72785282839839,3.4873750779032076,12056.039999999999,204.49
26.8,33.0,19.3,8.8,884.4,517.24,636.9,79.1,0.3388116308470291,0.4171934260429836,0.24399494310998737,59.8,3.3250360206965914,3.5263605246161616,3.0106208860477417,718.24,1089.0
129.4,5.7,31.3,11.0,737.58,4050.2200000000003,178.41,166.4,0.7776442307692307,0.034254807692307696,0.18810096153846154,135.1,4.870606649492553,1.9021075263969205,3.475067230228611,16744.36,32.49
213.4,24.6,13.1,17.0,5249.64,2795.54,322.26,251.1,0.8498606133014736,0.0979689366786141,0.052170450019912384,238.0,5.367843429196647,3.242592351485517,2.6461747973841225,45539.560000000005,605.1600000000001
16.9,43.7,89.4,8.7,738.53,1510.86,3906.7800000000007,150.0,0.11266666666666665,0.29133333333333333,0.5960000000000001,60.6,2.884800712846709,3.7999735016195233,4.504244267398131,285.60999999999996,1909.6900000000003
27.5,1.6,20.7,6.9,44.0,569.25,33.12,49.8,0.5522088353413654,0.032128514056224904,0.41566265060240964,29.1,3.349904087274605,0.9555114450274365,3.077312260546414,756.25,2.5600000000000005
120.5,28.5,14.2,14.2,3434.25,1711.1,404.7,163.2,0.7383578431372549,0.1746323529411765,0.08700980392156862,149.0,4.799914262780603,3.3843902633457743,2.7212954278522306,14520.25,812.25
5.4,29.9,9.4,5.3,161.46,50.760000000000005,281.06,44.699999999999996,0.1208053691275168,0.668903803131991,0.2102908277404922,35.3,1.8562979903656263,3.4307561839036995,2.341805806147327,29.160000000000004,894.0099999999999
116.0,7.7,23.1,11.0,893.2,2679.6000000000004,177.87,146.8,0.7901907356948228,0.052452316076294275,0.15735694822888283,123.7,4.762173934797756,2.1633230256605382,3.1822118404966093,13456.0,59.290000000000006
76.4,26.7,22.3,11.8,2039.88,1703.7200000000003,595.41,125.4,0.6092503987240829,0.2129186602870813,0.17783094098883573,103.10000000000001,4.3489867805956814,3.3214324131932926,3.148453360571655,5836.960000000001,712.89
239.8,4.1,36.9,17.3,983.18,8848.62,151.29,280.8,0.853988603988604,0.014601139601139599,0.1314102564102564,243.9,5.483966713434666,1.62924053973028,3.6349511120883804,57504.04000000001,16.81
75.3,20.3,32.5,11.3,1528.59,2447.25,659.75,128.1,0.5878220140515222,0.15846994535519127,0.2537080405932865,95.6,4.334672938290411,3.0587070727153796,3.5115454388310208,5670.089999999999,412.09000000000003
68.4,44.5,35.6,13.6,3043.8,2435.0400000000004,1584.2,148.5,0.46060606060606063,0.2996632996632997,0.23973063973063974,112.9,4.239886867512759,3.817712325956905,3.6000482404073204,4678.56,1980.25
213.5,43.0,33.8,21.7,9180.5,7216.299999999999,1453.3999999999999,290.3,0.735446090251464,0.148122631760248,0.11643127798828797,256.5,5.368309738368072,3.784189633918261,3.5496173867804286,45582.25,1849.0
193.2,18.4,65.7,20.2,3554.8799999999997,12693.24,1208.8799999999999,277.3,0.696718355571583,0.06635412910205553,0.23692751532636133,211.6,5.268888555857225,2.9652730660692823,4.200204952921578,37326.24,338.55999999999995
76.3,27.5,16.0,12.0,2098.25,1220.8,440.0,119.8,0.6368948247078464,0.2295492487479132,0.1335559265442404,103.8,4.3476939555933765,3.349904087274605,2.833213344056216,5821.69,756.25
110.7,40.6,63.2,16.0,4494.42,6996.240000000001,2565.92,214.5,0.5160839160839161,0.1892773892773893,0.29463869463869463,151.3,4.715816706075155,3.728100167267218,4.162003210695915,12254.49,1648.3600000000001
88.3,25.5,73.4,12.9,2251.65,6481.22,1871.7,187.2,0.4716880341880342,0.13621794871794873,0.39209401709401714,113.8,4.492001487882454,3.2771447329921766,4.309455941839047,7796.889999999999,650.25
109.8,47.8,51.4,16.7,5248.44,5643.719999999999,2456.9199999999996,209.0,0.5253588516746411,0.22870813397129186,0.24593301435406698,157.6,4.707726774313183,3.8877303128591016,3.9589065913269965,12056.039999999999,2284.8399999999997
134.3,4.9,9.3,14.0,658.07,1248.9900000000002,45.57000000000001,148.50000000000003,0.9043771043771043,0.03299663299663299,0.06262626262626261,139.20000000000002,4.907494535176743,1.7749523509116738,2.33214389523559,18036.49,24.010000000000005
28.6,1.5,33.0,7.3,42.900000000000006,943.8000000000001,49.5,63.1,0.4532488114104596,0.02377179080824089,0.5229793977812995,30.1,3.3877743613300146,0.9162907318741551,3.5263605246161616,817.96,2.25
217.7,33.5,59.0,19.4,7292.95,12844.3,1976.5,310.2,0.7018052869116699,0.10799484203739523,0.1901998710509349,251.2,5.387700927682722,3.5409593240373143,4.0943445622221,47393.28999999999,1122.25
250.9,36.5,72.3,22.2,9157.85,18140.07,2638.95,359.7,0.6975257158743398,0.10147345009730331,0.20100083402835697,287.4,5.529032183358565,3.624340932976365,4.294560608892605,62950.810000000005,1332.25
107.4,14.0,10.9,11.5,1503.6000000000001,1170.66,152.6,132.3,0.8117913832199546,0.10582010582010581,0.08238851095993953,121.4,4.685828089005546,2.70805020110221,2.4765384001174837,11534.760000000002,196.0
163.3,31.6,52.9,16.9,5160.280000000001,8638.57,1671.64,247.8,0.658999192897498,0.1275221953188055,0.2134786117836965,194.9,5.101694025043223,3.484312288372662,3.9871304779149517,26666.890000000003,998.5600000000001
197.6,3.5,5.9,16.7,691.6,1165.8400000000001,20.650000000000002,207.0,0.9545893719806763,0.016908212560386472,0.0285024154589372,201.1,5.291292751611072,1.5040773967762742,1.9315214116032138,39045.759999999995,12.25
184.9,21.0,22.0,20.5,3882.9,4067.8,462.0,227.9,0.8113207547169812,0.09214567792891619,0.09653356735410268,205.9,5.225208894727398,3.091042453358316,3.1354942159291497,34188.01,441.0
289.7,42.3,51.2,25.4,12254.31,14832.64,2165.7599999999998,383.2,0.7560020876826722,0.11038622129436325,0.13361169102296452,332.0,5.6722918075648305,3.768152635008444,3.955082494888593,83926.09,1789.2899999999997
135.2,41.7,45.9,17.2,5637.84,6205.679999999999,1914.03,222.79999999999998,0.6068222621184919,0.18716337522441653,0.20601436265709158,176.89999999999998,4.9141243937154115,3.754198920234579,3.8480176754522337,18279.039999999997,1738.8900000000003
222.4,4.3,49.8,16.7,956.3199999999999,11075.52,214.14,276.5,0.8043399638336347,0.015551537070524412,0.18010849909584087,226.70000000000002,5.4089638866351,1.667706820558076,3.927896354584436,49461.76,18.49
296.4,36.3,100.9,23.8,10759.319999999998,29906.76,3662.67,433.6,0.6835793357933578,0.08371771217712176,0.2327029520295203,332.7,5.6950780340260545,3.6189933266497696,4.623991940228679,87852.95999999999,1317.6899999999998
280.2,10.1,21.4,19.8,2830.02,5996.28,216.14,311.7,0.8989412897016362,0.032402951555983314,0.06865575874238049,290.3,5.63906615993651,2.4069451083182885,3.109060958860994,78512.04,102.00999999999999
187.9,17.2,17.9,19.7,3231.88,3363.41,307.87999999999994,223.0,0.8426008968609866,0.07713004484304932,0.08026905829596412,205.1,5.241217774507464,2.9014215940827497,2.9391619220655967,35306.41,295.84
238.2,34.3,5.3,20.7,8170.259999999999,1262.4599999999998,181.79,277.8,0.8574514038876889,0.12347012239020877,0.01907847372210223,272.5,5.477300022076476,3.563882963939251,1.840549633397487,56739.24,1176.4899999999998
137.9,46.4,59.0,15.0,6398.56,8136.1,2737.6,243.3,0.5667899712289355,0.19071105630908342,0.24249897246198107,184.3,4.933754249760298,3.858622228701031,4.0943445622221,19016.41,2152.96
25.0,11.0,29.7,7.2,275.0,742.5,326.7,65.7,0.380517503805175,0.167427701674277,0.4520547945205479,36.0,3.258096538021482,2.4849066497880004,3.4242626545931514,625.0,121.0
90.4,0.3,23.2,12.0,27.12,2097.28,6.96,113.9,0.7936786654960492,0.0026338893766461808,0.20368744512730463,90.7,4.515245478460105,0.26236426446749106,3.186352633162641,8172.160000000001,0.09
13.1,0.4,25.6,5.3,5.24,335.36,10.240000000000002,39.1,0.3350383631713555,0.010230179028132993,0.6547314578005116,13.5,2.6461747973841225,0.33647223662121295,3.280911215787653,171.60999999999999,0.16000000000000003
255.4,26.9,5.5,19.8,6870.26,1404.7,147.95,287.8,0.8874218207088256,0.09346768589298123,0.01911049339819319,282.3,5.546738725046515,3.32862668882732,1.8718021769015913,65229.16,723.6099999999999
225.8,8.2,56.5,18.4,1851.56,12757.7,463.29999999999995,290.5,0.7772805507745267,0.02822719449225473,0.1944922547332186,234.0,5.4240685718535975,2.2192034840549946,4.051784947803305,50985.64000000001,67.24
241.7,38.0,23.2,21.8,9184.6,5607.44,881.6,302.9,0.7979531198415318,0.12545394519643446,0.07659293496203368,279.7,5.491826112732555,3.6635616461296463,3.186352633162641,58418.88999999999,1444.0
175.7,15.4,2.4,17.1,2705.7799999999997,421.67999999999995,36.96,193.5,0.9080103359173126,0.07958656330749354,0.012403100775193798,191.1,5.174453379325651,2.797281334830153,1.2237754316221157,30870.489999999994,237.16000000000003
209.6,20.6,10.7,20.9,4317.76,2242.72,220.42,240.89999999999998,0.8700705687007058,0.08551266085512663,0.044416770444167704,230.2,5.349960599699875,3.0726933146901194,2.4595888418037104,43932.159999999996,424.36000000000007
78.2,46.8,34.5,14.6,3659.7599999999998,2697.9,1614.6,159.5,0.490282131661442,0.2934169278996865,0.21630094043887146,125.0,4.37197629882038,3.86702563949741,3.56953269648137,6115.240000000001,2190.24
75.1,35.0,52.7,12.6,2628.5,3957.77,1844.5,162.8,0.4613022113022112,0.21498771498771496,0.3237100737100737,110.1,4.33204826486764,3.58351893845611,3.983413001514819,5640.009999999999,1225.0
139.2,14.3,25.6,12.2,1990.56,3563.52,366.08000000000004,179.1,0.7772194304857621,0.07984366275823562,0.14293690675600224,153.5,4.94306997460049,2.72785282839839,3.280911215787653,19376.639999999996,204.49
76.4,0.8,14.8,9.4,61.120000000000005,1130.72,11.840000000000002,92.0,0.8304347826086957,0.008695652173913044,0.16086956521739132,77.2,4.3489867805956814,0.5877866649021191,2.760009940032921,5836.960000000001,0.6400000000000001
125.7,36.9,79.2,15.9,4638.33,9955.44,2922.48,241.8,0.5198511166253101,0.15260545905707196,0.32754342431761785,162.6,4.841822087327094,3.6349511120883804,4.384523514872469,15800.490000000002,1361.61
19.4,16.0,22.3,6.6,310.4,432.62,356.8,57.7,0.33622183708838815,0.2772963604852686,0.38648180242634317,35.4,3.0155349008501706,2.833213344056216,3.148453360571655,376.35999999999996,256.0
141.3,26.8,46.2,15.5,3786.8400000000006,6528.060000000001,1238.16,214.3,0.6593560429304713,0.1250583294447037,0.21558562762482503,168.10000000000002,4.957937505095806,3.3250360206965914,3.85439389259151,19965.690000000002,718.24
18.8,21.7,50.4,7.0,407.96,947.52,1093.6799999999998,90.9,0.2068206820682068,0.2387238723872387,0.5544554455445544,40.5,2.9856819377004897,3.122364924487357,3.9396381724611196,353.44000000000005,470.89
224.0,2.4,15.6,16.6,537.6,3494.4,37.44,242.0,0.9256198347107438,0.009917355371900825,0.06446280991735537,226.4,5.41610040220442,1.2237754316221157,2.8094026953624973,50176.0,5.76
123.1,34.6,12.4,15.2,4259.26,1526.44,429.04,170.1,0.7236919459141681,0.20340975896531455,0.07289829512051735,157.7,4.821087692210561,3.572345637857985,2.5952547069568657,15153.609999999999,1197.16
229.5,32.3,74.2,19.7,7412.849999999999,17028.9,2396.66,336.0,0.6830357142857143,0.09613095238095237,0.22083333333333335,261.8,5.440250862436703,3.505557396986398,4.320151230955794,52670.25,1043.2899999999997
87.2,11.8,25.9,10.6,1028.96,2258.48,305.62,124.9,0.6981585268214572,0.0944755804643715,0.20736589271417133,99.0,4.4796069630127455,2.5494451709255714,3.292126286607793,7603.84,139.24
7.8,38.9,50.6,6.6,303.41999999999996,394.68,1968.34,97.3,0.08016443987667009,0.3997944501541624,0.5200411099691675,46.699999999999996,2.174751721484161,3.686376323895818,3.9435216724875173,60.839999999999996,1513.2099999999998
80.2,0.0,9.2,11.9,0.0,737.8399999999999,0.0,89.4,0.8970917225950783,0.0,0.10290827740492169,80.2,4.396915247167632,0.0,2.322387720290225,6432.040000000001,0.0
220.3,49.0,3.2,24.7,10794.7,704.96,156.8,272.5,0.8084403669724771,0.1798165137614679,0.011743119266055046,269.3,5.399519247057004,3.912023005428146,1.4350845252893227,48532.090000000004,2401.0
59.6,12.0,43.1,9.7,715.2,2568.76,517.2,114.69999999999999,0.5196163905841326,0.10462074978204011,0.37576285963382744,71.6,4.104294893075269,2.5649493574615367,3.7864597824528,3552.1600000000003,144.0
0.7,39.6,8.7,1.6,27.72,6.089999999999999,344.52,49.0,0.014285714285714285,0.8081632653061225,0.17755102040816326,40.300000000000004,0.5306282510621704,3.703768066607687,2.272125885509337,0.48999999999999994,1568.16
265.2,2.9,43.0,17.7,769.0799999999999,11403.6,124.7,311.09999999999997,0.8524590163934427,0.00932176149148184,0.13821922211507556,268.09999999999997,5.5842479059610115,1.3609765531356006,3.784189633918261,70331.04,8.41
8.4,27.2,2.1,5.7,228.48,17.64,57.12,37.7,0.22281167108753314,0.7214854111405835,0.055702917771883284,35.6,2.2407096892759584,3.339321977944068,1.1314021114911006,70.56,739.8399999999999
219.8,33.5,45.1,19.6,7363.3,9912.980000000001,1510.8500000000001,298.40000000000003,0.7365951742627346,0.11226541554959785,0.15113941018766755,253.3,5.39725731440294,3.5409593240373143,3.8308129500026027,48312.04000000001,1122.25
36.9,38.6,65.6,10.8,1424.34,2420.64,2532.16,141.1,0.261516654854713,0.2735648476257973,0.4649184975194897,75.5,3.6349511120883804,3.6788291182604347,4.198704577546343,1361.61,1489.96
48.3,47.0,8.5,11.6,2270.1,410.54999999999995,399.5,103.8,0.46531791907514447,0.4527938342967245,0.08188824662813102,95.3,3.8979240810486444,3.8712010109078907,2.2512917986064953,2332.89,2209.0
25.6,39.0,9.3,9.5,998.4000000000001,238.08000000000004,362.70000000000005,73.89999999999999,0.3464140730717186,0.5277401894451963,0.12584573748308528,64.6,3.280911215787653,3.6888794541139363,2.33214389523559,655.3600000000001,1521.0
273.7,28.9,59.7,20.8,7909.929999999999,16339.89,1725.33,362.29999999999995,0.7554512834667403,0.07976814794369308,0.1647805685895667,302.59999999999997,5.615679593101228,3.3978584803966405,4.1059436980654525,74911.68999999999,835.2099999999999
43.0,25.9,20.5,9.6,1113.7,881.5,530.9499999999999,89.4,0.4809843400447427,0.2897091722595078,0.22930648769574943,68.9,3.784189633918261,3.292126286607793,3.068052935133617,1849.0,670.81
184.9,43.9,1.7,20.7,8117.11,314.33,74.63,230.5,0.8021691973969631,0.19045553145336225,0.00737527114967462,228.8,5.225208894727398,3.8044377947482086,0.9932517730102834,34188.01,1927.2099999999998
73.4,17.0,12.9,10.9,1247.8000000000002,946.8600000000001,219.3,103.30000000000001,0.7105517909002904,0.16456921587608905,0.12487899322362052,90.4,4.309455941839047,2.8903717578961645,2.631888840136646,5387.56,289.0
193.7,35.4,75.6,19.2,6856.98,14643.719999999998,2676.24,304.7,0.6357072530357729,0.11617984903183459,0.2481128979323925,229.1,5.271459912378154,3.594568774642695,4.338597076746545,37519.689999999995,1253.1599999999999
220.5,33.2,37.9,20.1,7320.6,8356.949999999999,1258.28,291.59999999999997,0.756172839506173,0.11385459533607684,0.12997256515775035,253.7,5.40042258948519,3.5322256440685598,3.6609942506244004,48620.25,1102.2400000000002
104.6,5.7,34.4,10.4,596.22,3598.24,196.07999999999998,144.7,0.7228749136143746,0.03939184519695923,0.2377332411886662,110.3,4.659658371272161,1.9021075263969205,3.5667118201397288,10941.159999999998,32.49
96.2,14.8,38.9,12.3,1423.7600000000002,3742.18,575.72,149.9,0.6417611741160774,0.09873248832555037,0.2595063375583722,111.0,4.576770711466393,2.760009940032921,3.686376323895818,9254.44,219.04000000000002
140.3,1.9,9.0,10.3,266.57,1262.7,17.099999999999998,151.20000000000002,0.9279100529100529,0.012566137566137564,0.05952380952380952,142.20000000000002,4.950885289690482,1.0647107369924282,2.302585092994046,19684.090000000004,3.61
240.1,7.3,8.7,18.2,1752.73,2088.87,63.50999999999999,256.1,0.9375244045294806,0.02850449043342444,0.03397110503709488,247.4,5.485211785187126,2.1162555148025524,2.272125885509337,57648.009999999995,53.29
243.2,49.0,44.3,25.4,11916.8,10773.759999999998,2170.7,336.5,0.7227340267459138,0.14561664190193166,0.13164933135215454,292.2,5.497987561676604,3.912023005428146,3.8133070324889884,59146.24,2401.0
38.0,40.3,11.9,10.9,1531.3999999999999,452.2,479.57,90.2,0.4212860310421286,0.44678492239467843,0.1319290465631929,78.3,3.6635616461296463,3.720862499966987,2.5572273113676265,1444.0,1624.0899999999997
44.7,25.8,20.6,10.1,1153.2600000000002,920.8200000000002,531.48,91.1,0.490669593852909,0.283205268935236,0.22612513721185512,70.5,3.822098297900159,3.288401887516811,3.0726933146901194,1998.0900000000001,665.64
280.7,13.9,37.0,16.1,3901.73,10385.9,514.3000000000001,331.59999999999997,0.8465018094089265,0.04191797346200242,0.11158021712907118,294.59999999999997,5.640842674882327,2.7013612129514133,3.6375861597263857,78792.48999999999,193.21
121.0,8.4,48.7,11.6,1016.4000000000001,5892.700000000001,409.08000000000004,178.10000000000002,0.6793935991016282,0.047164514317798986,0.27344188658057267,129.4,4.804021044733257,2.2407096892759584,3.906004933102583,14641.0,70.56
197.6,23.3,14.2,16.6,4604.08,2805.9199999999996,330.86,235.1,0.8404934070608252,0.09910676307954062,0.0603998298596342,220.9,5.291292751611072,3.190476350346503,2.7212954278522306,39045.759999999995,542.89
171.3,39.7,37.7,16.0,6800.610000000001,6458.010000000001,1496.6900000000003,248.7,0.6887816646562124,0.1596300763972658,0.15158825894652192,211.0,5.149237143533884,3.7062280924485496,3.655839600035736,29343.690000000002,1576.0900000000001
187.8,21.1,9.5,20.6,3962.5800000000004,1784.1000000000001,200.45000000000002,218.4,0.8598901098901099,0.09661172161172162,0.043498168498168496,208.9,5.240688253711401,3.0955776085237074,2.3513752571634776,35268.840000000004,445.21000000000004
4.1,11.6,5.7,3.2,47.559999999999995,23.369999999999997,66.12,21.4,0.19158878504672897,0.5420560747663552,0.2663551401869159,15.7,1.62924053973028,2.533696813957432,1.9021075263969205,16.81,134.56
93.9,43.5,50.5,15.3,4084.65,4741.950000000001,2196.75,187.9,0.49973390101117615,0.23150612027674294,0.2687599787120809,137.4,4.552823705615882,3.7954891891721947,3.9415818076696905,8817.210000000001,1892.25
149.8,1.3,24.3,10.1,194.74,3640.1400000000003,31.590000000000003,175.40000000000003,0.8540478905359178,0.0074116305587229175,0.13854047890535914,151.10000000000002,5.015954455573856,0.832909122935104,3.2308043957334744,22440.040000000005,1.6900000000000002
11.7,36.9,45.2,7.3,431.72999999999996,528.84,1667.88,93.8,0.12473347547974413,0.39339019189765456,0.4818763326226013,48.599999999999994,2.5416019934645457,3.6349511120883804,3.832979798087693,136.89,1361.61
131.7,18.4,34.6,12.9,2423.2799999999997,4556.82,636.64,184.7,0.7130481862479696,0.0996210070384407,0.18733080671358962,150.1,4.888090941338162,2.9652730660692823,3.572345637857985,17344.889999999996,338.55999999999995
172.5,18.1,30.7,16.4,3122.2500000000005,5295.75,555.6700000000001,221.29999999999998,0.7794848621780389,0.08178942611839134,0.13872571170356982,190.6,5.156177599386914,2.9496883350525844,3.456316680883235,29756.25,327.61000000000007
85.7,35.8,49.3,13.3,3068.06,4225.01,1764.9399999999998,170.8,0.5017564402810304,0.20960187353629975,0.2886416861826698,121.5,4.462453883786496,3.6054978451748854,3.9180050771056933,7344.490000000001,1281.6399999999999
188.4,18.1,25.6,19.9,3410.0400000000004,4823.04,463.36000000000007,232.1,0.8117190866006032,0.07798362774666093,0.1102972856527359,206.5,5.243861180751978,2.9496883350525844,3.280911215787653,35494.560000000005,327.61000000000007
163.5,36.8,7.4,18.0,6016.799999999999,1209.9,272.32,207.70000000000002,0.7871930669234473,0.17717862301396242,0.03562831006259028,200.3,5.1029105702054265,3.632309102625542,2.128231705849268,26732.25,1354.2399999999998
117.2,14.7,5.4,11.9,1722.84,632.8800000000001,79.38,137.3,0.8536052439912599,0.10706482155863072,0.03932993445010925,131.9,4.772378104971998,2.7536607123542622,1.8562979903656263,13735.84,216.08999999999997
234.5,3.4,84.8,16.9,797.3,19885.6,288.32,322.7,0.7266811279826464,0.010536101642392316,0.2627827703749613,237.9,5.461710913456472,1.4816045409242156,4.4520190064939165,54990.25,11.559999999999999
17.9,37.6,21.6,8.0,673.04,386.64,812.1600000000001,77.1,0.23216601815823606,0.4876783398184177,0.28015564202334636,55.5,2.9391619220655967,3.653252276470785,3.1179499062782403,320.40999999999997,1413.7600000000002
206.8,5.2,19.4,17.2,1075.3600000000001,4011.92,100.88,231.4,0.8936905790838375,0.02247191011235955,0.08383751080380293,212.0,5.336576078665127,1.8245492920510458,3.0155349008501706,42766.240000000005,27.040000000000003
215.4,23.6,57.6,17.1,5083.4400000000005,12407.04,1359.3600000000001,296.6,0.7262306136210384,0.07956844234659474,0.19420094403236682,239.0,5.377128546972327,3.202746442938317,4.070734696582967,46397.16,556.96
284.3,10.6,6.4,20.0,3013.58,1819.5200000000002,67.84,301.3,0.9435778294059077,0.035180882841022235,0.02124128775307003,294.90000000000003,5.653541258219454,2.451005098112319,2.0014800002101243,80826.49,112.36
50.0,11.6,18.4,8.4,580.0,919.9999999999999,213.43999999999997,80.0,0.625,0.145,0.22999999999999998,61.6,3.9318256327243257,2.533696813957432,2.9652730660692823,2500.0,134.56
164.5,20.9,47.4,17.5,3438.0499999999997,7797.3,990.6599999999999,232.8,0.706615120274914,0.08977663230240548,0.20360824742268038,185.4,5.1089711948171175,3.086486636822455,3.8794998137225862,27060.25,436.80999999999995
19.6,20.1,17.0,7.6,393.96000000000004,333.20000000000005,341.70000000000005,56.7,0.345679012345679,0.3544973544973545,0.2998236331569665,39.7,3.0252910757955354,3.0492730404820207,2.8903717578961645,384.1600000000001,404.01000000000005
168.4,7.1,12.8,16.7,1195.6399999999999,2155.52,90.88,188.3,0.8943175783324482,0.03770578863515666,0.06797663303239511,175.5,5.132262782217954,2.0918640616783932,2.624668592163159,28358.56,50.41
222.4,3.4,13.1,16.5,756.16,2913.44,44.54,238.9,0.9309334449560486,0.014231896190874843,0.0548346588530766,225.8,5.4089638866351,1.4816045409242156,2.6461747973841225,49461.76,11.559999999999999
276.9,48.9,41.8,27.0,13540.409999999998,11574.419999999998,2044.0199999999998,367.59999999999997,0.7532644178454843,0.13302502720348205,0.11371055495103373,325.79999999999995,5.627261336748458,3.910021002757473,3.756538102587751,76673.60999999999,2391.21
248.4,30.2,20.3,20.2,7501.68,5042.52,613.0600000000001,298.90000000000003,0.8310471729675476,0.10103713616594177,0.06791569086651053,278.6,5.519058033245936,3.4404180948154366,3.0587070727153796,61702.560000000005,912.04
170.2,7.8,35.2,16.7,1327.56,5991.04,274.56,213.2,0.798311444652908,0.036585365853658534,0.16510318949343342,178.0,5.1428324637076415,2.174751721484161,3.5890591188317256,28968.039999999997,60.839999999999996
276.7,2.3,23.7,16.8,636.41,6557.79,54.50999999999999,302.7,0.9141063759497853,0.007598282127518996,0.07829534192269574,279.0,5.626541394312754,1.1939224684724346,3.2068032436339315,76562.89,5.289999999999999
165.6,10.0,17.6,17.6,1656.0,2914.56,176.0,193.2,0.8571428571428572,0.051759834368530024,0.09109730848861285,175.6,5.115595729732743,2.3978952727983707,2.9231615807191558,27423.359999999997,100.0
156.6,2.6,8.3,15.5,407.16,1299.78,21.580000000000002,167.5,0.9349253731343283,0.015522388059701494,0.04955223880597015,159.2,5.060060177423779,1.2809338454620645,2.2300144001592104,24523.559999999998,6.760000000000001
218.5,5.4,27.4,17.2,1179.9,5986.9,147.96,251.3,0.8694787107043374,0.02148826104257859,0.10903302825308395,223.9,5.391352232515226,1.8562979903656263,3.3463891451671604,47742.25,29.160000000000004
56.2,5.7,29.7,8.7,320.34000000000003,1669.14,169.29,91.60000000000001,0.6135371179039301,0.06222707423580786,0.32423580786026196,61.900000000000006,4.046553898385752,1.9021075263969205,3.4242626545931514,3158.4400000000005,32.49
287.6,43.0,71.8,26.2,12366.800000000001,20649.68,3087.4,402.40000000000003,0.7147117296222664,0.10685884691848906,0.1784294234592445,330.6,5.665041646339771,3.784189633918261,4.28771595520264,82713.76000000001,1849.0
253.8,21.3,30.0,17.6,5405.9400000000005,7614.0,639.0,305.1,0.831858407079646,0.06981317600786627,0.0983284169124877,275.1,5.540478923698008,3.104586678466073,3.4339872044851463,64414.44,453.69000000000005
205.0,45.1,19.6,22.6,9245.5,4018.0000000000005,883.96,269.7,0.7601038190582129,0.16722284019280684,0.07267334074898035,250.1,5.327876168789581,3.8308129500026027,3.0252910757955354,42025.0,2034.0100000000002
139.5,2.1,26.6,10.3,292.95,3710.7000000000003,55.86000000000001,168.2,0.8293697978596909,0.012485136741973843,0.15814506539833534,141.6,4.9452074887738,1.1314021114911006,3.3178157727231046,19460.25,4.41
191.1,28.7,18.2,17.3,5484.57,3478.02,522.3399999999999,237.99999999999997,0.8029411764705883,0.12058823529411766,0.07647058823529412,219.79999999999998,5.258016069774511,3.391147045808654,2.9549102790337356,36519.21,823.6899999999999
286.0,13.9,3.7,20.9,3975.4,1058.2,51.43000000000001,303.59999999999997,0.9420289855072465,0.04578392621870883,0.012187088274044798,299.9,5.659482215759621,2.7013612129514133,1.547562508716013,81796.0,193.21
18.7,12.1,23.4,6.7,226.26999999999998,437.58,283.14,54.199999999999996,0.34501845018450183,0.22324723247232472,0.4317343173431734,30.799999999999997,2.9806186357439426,2.5726122302071057,3.1945831322991562,349.69,146.41
39.5,41.1,5.8,10.8,1623.45,229.1,238.38,86.39999999999999,0.457175925925926,0.47569444444444453,0.06712962962962964,80.6,3.7013019741124933,3.7400477406883357,1.916922612182061,1560.25,1689.21
75.5,10.8,6.0,11.9,815.4000000000001,453.0,64.80000000000001,92.3,0.8179848320693391,0.11700975081256773,0.06500541711809317,86.3,4.33729074083249,2.468099531471619,1.9459101490553132,5700.25,116.64000000000001
17.2,4.1,31.6,5.9,70.52,543.52,129.56,52.9,0.32514177693761814,0.0775047258979206,0.5973534971644613,21.299999999999997,2.9014215940827497,1.62924053973028,3.484312288372662,295.84,16.81
166.8,42.0,3.6,19.6,7005.6,600.48,151.20000000000002,212.4,0.7853107344632768,0.19774011299435026,0.01694915254237288,208.8,5.122772794033106,3.7612001156935624,1.5260563034950494,27822.240000000005,1764.0
149.7,35.6,6.0,17.3,5329.32,898.1999999999999,213.60000000000002,191.29999999999998,0.7825405122843702,0.18609513852587561,0.031364349189754316,185.29999999999998,5.01529110563245,3.6000482404073204,1.9459101490553132,22410.089999999997,1267.3600000000001
38.2,3.7,13.8,7.6,141.34,527.1600000000001,51.06,55.7,0.6858168761220826,0.06642728904847396,0.24775583482944344,41.900000000000006,3.6686767467964168,1.547562508716013,2.6946271807700692,1459.2400000000002,13.690000000000001
94.2,4.9,8.1,14.0,461.58000000000004,763.02,39.69,107.2,0.878731343283582,0.0457089552238806,0.07555970149253731,99.10000000000001,4.55597994179732,1.7749523509116738,2.2082744135228043,8873.640000000001,24.010000000000005
177.0,9.3,6.4,14.8,1646.1000000000001,1132.8,59.52000000000001,192.70000000000002,0.918526206538661,0.048261546445251685,0.03321224701608718,186.3,5.181783550292085,2.33214389523559,2.0014800002101243,31329.0,86.49000000000001
283.6,42.0,66.2,25.5,11911.2,18774.320000000003,2780.4,391.8,0.7238386932108218,0.10719754977029096,0.1689637570188872,325.6,5.651084685655752,3.7612001156935624,4.207673247529104,80428.96,1764.0
232.1,8.6,8.7,18.4,1996.06,2019.2699999999998,74.82,249.39999999999998,0.9306335204490779,0.034482758620689655,0.03488372093023256,240.7,5.4514675460417115,2.2617630984737906,2.272125885509337,53870.409999999996,73.96
